{
  "count": 1,
  "value": [
    {
      "id": 2523,
      "rev": 2,
      "fields": {
        "System.AreaPath": "MCSB",
        "System.TeamProject": "MCSB",
        "System.IterationPath": "MCSB",
        "System.WorkItemType": "Epic",
        "System.State": "New",
        "System.Reason": "New",
        "System.CreatedDate": "2023-08-11T10:43:14.17Z",
        "System.CreatedBy": "Ståle Johnsen <stale.johnsen@microsoft.com>",
        "System.ChangedDate": "2023-08-11T10:43:14.17Z",
        "System.ChangedBy": "Ståle Johnsen <stale.johnsen@microsoft.com>",
        "System.Title": "Microsoft cloud security benchmark (v1)",
        "Microsoft.VSTS.Scheduling.Effort": 0.0,
        "System.Description": null,
        "System.AssignedTo": null,
        "Microsoft.VSTS.Scheduling.RemainingWork": 0.0,
        "Microsoft.VSTS.Common.Priority": 2.0,
        "System.BoardLane": null,
        "System.Tags": null,
        "Microsoft.VSTS.TCM.Steps": null,
        "Microsoft.VSTS.TCM.Parameters": null,
        "Microsoft.VSTS.TCM.LocalDataSource": null,
        "Microsoft.VSTS.TCM.AutomationStatus": null,
        "System.History": null
      },
      "relations": [
        {
          "rel": "System.LinkTypes.Hierarchy-Forward",
          "url": "https://dev.azure.com/stalejohnsendev/_apis/wit/workItems/2593",
          "attributes": {
            "isLocked": "false",
            "name": "Child"
          }
        },
        {
          "rel": "System.LinkTypes.Hierarchy-Forward",
          "url": "https://dev.azure.com/stalejohnsendev/_apis/wit/workItems/2585",
          "attributes": {
            "isLocked": "false",
            "name": "Child"
          }
        },
        {
          "rel": "System.LinkTypes.Hierarchy-Forward",
          "url": "https://dev.azure.com/stalejohnsendev/_apis/wit/workItems/2597",
          "attributes": {
            "isLocked": "false",
            "name": "Child"
          }
        },
        {
          "rel": "System.LinkTypes.Hierarchy-Forward",
          "url": "https://dev.azure.com/stalejohnsendev/_apis/wit/workItems/2610",
          "attributes": {
            "isLocked": "false",
            "name": "Child"
          }
        },
        {
          "rel": "System.LinkTypes.Hierarchy-Forward",
          "url": "https://dev.azure.com/stalejohnsendev/_apis/wit/workItems/2535",
          "attributes": {
            "isLocked": "false",
            "name": "Child"
          }
        },
        {
          "rel": "System.LinkTypes.Hierarchy-Forward",
          "url": "https://dev.azure.com/stalejohnsendev/_apis/wit/workItems/2563",
          "attributes": {
            "isLocked": "false",
            "name": "Child"
          }
        },
        {
          "rel": "System.LinkTypes.Hierarchy-Forward",
          "url": "https://dev.azure.com/stalejohnsendev/_apis/wit/workItems/2577",
          "attributes": {
            "isLocked": "false",
            "name": "Child"
          }
        },
        {
          "rel": "System.LinkTypes.Hierarchy-Forward",
          "url": "https://dev.azure.com/stalejohnsendev/_apis/wit/workItems/2602",
          "attributes": {
            "isLocked": "false",
            "name": "Child"
          }
        },
        {
          "rel": "System.LinkTypes.Hierarchy-Forward",
          "url": "https://dev.azure.com/stalejohnsendev/_apis/wit/workItems/2569",
          "attributes": {
            "isLocked": "false",
            "name": "Child"
          }
        },
        {
          "rel": "System.LinkTypes.Hierarchy-Forward",
          "url": "https://dev.azure.com/stalejohnsendev/_apis/wit/workItems/2545",
          "attributes": {
            "isLocked": "false",
            "name": "Child"
          }
        },
        {
          "rel": "System.LinkTypes.Hierarchy-Forward",
          "url": "https://dev.azure.com/stalejohnsendev/_apis/wit/workItems/2524",
          "attributes": {
            "isLocked": "false",
            "name": "Child"
          }
        },
        {
          "rel": "System.LinkTypes.Hierarchy-Forward",
          "url": "https://dev.azure.com/stalejohnsendev/_apis/wit/workItems/2554",
          "attributes": {
            "isLocked": "false",
            "name": "Child"
          }
        }
      ],
      "url": "https://dev.azure.com/stalejohnsendev/_apis/wit/workItems/2523"
    }
  ],
  "HttpStatusCode": 0,
  "Message": null
}