{
  "count": 12,
  "value": [
    {
      "id": 2524,
      "rev": 2,
      "fields": {
        "System.AreaPath": "MCSB",
        "System.TeamProject": "MCSB",
        "System.IterationPath": "MCSB",
        "System.WorkItemType": "Feature",
        "System.State": "New",
        "System.Reason": "New",
        "System.CreatedDate": "2023-08-11T10:43:14.17Z",
        "System.CreatedBy": "Ståle Johnsen <stale.johnsen@microsoft.com>",
        "System.ChangedDate": "2023-08-11T10:43:14.17Z",
        "System.ChangedBy": "Ståle Johnsen <stale.johnsen@microsoft.com>",
        "System.Title": "NS. Network Security",
        "Microsoft.VSTS.Scheduling.Effort": 0.0,
        "System.Description": null,
        "System.AssignedTo": null,
        "Microsoft.VSTS.Scheduling.RemainingWork": 0.0,
        "Microsoft.VSTS.Common.Priority": 2.0,
        "System.BoardLane": null,
        "System.Tags": null,
        "Microsoft.VSTS.TCM.Steps": null,
        "Microsoft.VSTS.TCM.Parameters": null,
        "Microsoft.VSTS.TCM.LocalDataSource": null,
        "Microsoft.VSTS.TCM.AutomationStatus": null,
        "System.History": null
      },
      "relations": [
        {
          "rel": "System.LinkTypes.Hierarchy-Forward",
          "url": "https://dev.azure.com/stalejohnsendev/_apis/wit/workItems/2527",
          "attributes": {
            "isLocked": "false",
            "name": "Child"
          }
        },
        {
          "rel": "System.LinkTypes.Hierarchy-Forward",
          "url": "https://dev.azure.com/stalejohnsendev/_apis/wit/workItems/2534",
          "attributes": {
            "isLocked": "false",
            "name": "Child"
          }
        },
        {
          "rel": "System.LinkTypes.Hierarchy-Forward",
          "url": "https://dev.azure.com/stalejohnsendev/_apis/wit/workItems/2528",
          "attributes": {
            "isLocked": "false",
            "name": "Child"
          }
        },
        {
          "rel": "System.LinkTypes.Hierarchy-Forward",
          "url": "https://dev.azure.com/stalejohnsendev/_apis/wit/workItems/2532",
          "attributes": {
            "isLocked": "false",
            "name": "Child"
          }
        },
        {
          "rel": "System.LinkTypes.Hierarchy-Forward",
          "url": "https://dev.azure.com/stalejohnsendev/_apis/wit/workItems/2533",
          "attributes": {
            "isLocked": "false",
            "name": "Child"
          }
        },
        {
          "rel": "System.LinkTypes.Hierarchy-Forward",
          "url": "https://dev.azure.com/stalejohnsendev/_apis/wit/workItems/2531",
          "attributes": {
            "isLocked": "false",
            "name": "Child"
          }
        },
        {
          "rel": "System.LinkTypes.Hierarchy-Forward",
          "url": "https://dev.azure.com/stalejohnsendev/_apis/wit/workItems/2530",
          "attributes": {
            "isLocked": "false",
            "name": "Child"
          }
        },
        {
          "rel": "System.LinkTypes.Hierarchy-Forward",
          "url": "https://dev.azure.com/stalejohnsendev/_apis/wit/workItems/2529",
          "attributes": {
            "isLocked": "false",
            "name": "Child"
          }
        },
        {
          "rel": "System.LinkTypes.Hierarchy-Forward",
          "url": "https://dev.azure.com/stalejohnsendev/_apis/wit/workItems/2526",
          "attributes": {
            "isLocked": "false",
            "name": "Child"
          }
        },
        {
          "rel": "System.LinkTypes.Hierarchy-Forward",
          "url": "https://dev.azure.com/stalejohnsendev/_apis/wit/workItems/2525",
          "attributes": {
            "isLocked": "false",
            "name": "Child"
          }
        },
        {
          "rel": "System.LinkTypes.Hierarchy-Reverse",
          "url": "https://dev.azure.com/stalejohnsendev/_apis/wit/workItems/2523",
          "attributes": {
            "isLocked": "false",
            "name": "Parent"
          }
        }
      ],
      "url": "https://dev.azure.com/stalejohnsendev/_apis/wit/workItems/2524"
    },
    {
      "id": 2535,
      "rev": 2,
      "fields": {
        "System.AreaPath": "MCSB",
        "System.TeamProject": "MCSB",
        "System.IterationPath": "MCSB",
        "System.WorkItemType": "Feature",
        "System.State": "New",
        "System.Reason": "New",
        "System.CreatedDate": "2023-08-11T10:43:14.17Z",
        "System.CreatedBy": "Ståle Johnsen <stale.johnsen@microsoft.com>",
        "System.ChangedDate": "2023-08-11T10:43:14.17Z",
        "System.ChangedBy": "Ståle Johnsen <stale.johnsen@microsoft.com>",
        "System.Title": "IM. Identity Management",
        "Microsoft.VSTS.Scheduling.Effort": 0.0,
        "System.Description": null,
        "System.AssignedTo": null,
        "Microsoft.VSTS.Scheduling.RemainingWork": 0.0,
        "Microsoft.VSTS.Common.Priority": 2.0,
        "System.BoardLane": null,
        "System.Tags": null,
        "Microsoft.VSTS.TCM.Steps": null,
        "Microsoft.VSTS.TCM.Parameters": null,
        "Microsoft.VSTS.TCM.LocalDataSource": null,
        "Microsoft.VSTS.TCM.AutomationStatus": null,
        "System.History": null
      },
      "relations": [
        {
          "rel": "System.LinkTypes.Hierarchy-Forward",
          "url": "https://dev.azure.com/stalejohnsendev/_apis/wit/workItems/2541",
          "attributes": {
            "isLocked": "false",
            "name": "Child"
          }
        },
        {
          "rel": "System.LinkTypes.Hierarchy-Forward",
          "url": "https://dev.azure.com/stalejohnsendev/_apis/wit/workItems/2540",
          "attributes": {
            "isLocked": "false",
            "name": "Child"
          }
        },
        {
          "rel": "System.LinkTypes.Hierarchy-Forward",
          "url": "https://dev.azure.com/stalejohnsendev/_apis/wit/workItems/2544",
          "attributes": {
            "isLocked": "false",
            "name": "Child"
          }
        },
        {
          "rel": "System.LinkTypes.Hierarchy-Forward",
          "url": "https://dev.azure.com/stalejohnsendev/_apis/wit/workItems/2543",
          "attributes": {
            "isLocked": "false",
            "name": "Child"
          }
        },
        {
          "rel": "System.LinkTypes.Hierarchy-Forward",
          "url": "https://dev.azure.com/stalejohnsendev/_apis/wit/workItems/2542",
          "attributes": {
            "isLocked": "false",
            "name": "Child"
          }
        },
        {
          "rel": "System.LinkTypes.Hierarchy-Forward",
          "url": "https://dev.azure.com/stalejohnsendev/_apis/wit/workItems/2536",
          "attributes": {
            "isLocked": "false",
            "name": "Child"
          }
        },
        {
          "rel": "System.LinkTypes.Hierarchy-Forward",
          "url": "https://dev.azure.com/stalejohnsendev/_apis/wit/workItems/2537",
          "attributes": {
            "isLocked": "false",
            "name": "Child"
          }
        },
        {
          "rel": "System.LinkTypes.Hierarchy-Forward",
          "url": "https://dev.azure.com/stalejohnsendev/_apis/wit/workItems/2538",
          "attributes": {
            "isLocked": "false",
            "name": "Child"
          }
        },
        {
          "rel": "System.LinkTypes.Hierarchy-Forward",
          "url": "https://dev.azure.com/stalejohnsendev/_apis/wit/workItems/2539",
          "attributes": {
            "isLocked": "false",
            "name": "Child"
          }
        },
        {
          "rel": "System.LinkTypes.Hierarchy-Reverse",
          "url": "https://dev.azure.com/stalejohnsendev/_apis/wit/workItems/2523",
          "attributes": {
            "isLocked": "false",
            "name": "Parent"
          }
        }
      ],
      "url": "https://dev.azure.com/stalejohnsendev/_apis/wit/workItems/2535"
    },
    {
      "id": 2545,
      "rev": 2,
      "fields": {
        "System.AreaPath": "MCSB",
        "System.TeamProject": "MCSB",
        "System.IterationPath": "MCSB",
        "System.WorkItemType": "Feature",
        "System.State": "New",
        "System.Reason": "New",
        "System.CreatedDate": "2023-08-11T10:43:14.17Z",
        "System.CreatedBy": "Ståle Johnsen <stale.johnsen@microsoft.com>",
        "System.ChangedDate": "2023-08-11T10:43:14.17Z",
        "System.ChangedBy": "Ståle Johnsen <stale.johnsen@microsoft.com>",
        "System.Title": "PA. Privileged Access",
        "Microsoft.VSTS.Scheduling.Effort": 0.0,
        "System.Description": null,
        "System.AssignedTo": null,
        "Microsoft.VSTS.Scheduling.RemainingWork": 0.0,
        "Microsoft.VSTS.Common.Priority": 2.0,
        "System.BoardLane": null,
        "System.Tags": null,
        "Microsoft.VSTS.TCM.Steps": null,
        "Microsoft.VSTS.TCM.Parameters": null,
        "Microsoft.VSTS.TCM.LocalDataSource": null,
        "Microsoft.VSTS.TCM.AutomationStatus": null,
        "System.History": null
      },
      "relations": [
        {
          "rel": "System.LinkTypes.Hierarchy-Reverse",
          "url": "https://dev.azure.com/stalejohnsendev/_apis/wit/workItems/2523",
          "attributes": {
            "isLocked": "false",
            "name": "Parent"
          }
        },
        {
          "rel": "System.LinkTypes.Hierarchy-Forward",
          "url": "https://dev.azure.com/stalejohnsendev/_apis/wit/workItems/2546",
          "attributes": {
            "isLocked": "false",
            "name": "Child"
          }
        },
        {
          "rel": "System.LinkTypes.Hierarchy-Forward",
          "url": "https://dev.azure.com/stalejohnsendev/_apis/wit/workItems/2552",
          "attributes": {
            "isLocked": "false",
            "name": "Child"
          }
        },
        {
          "rel": "System.LinkTypes.Hierarchy-Forward",
          "url": "https://dev.azure.com/stalejohnsendev/_apis/wit/workItems/2553",
          "attributes": {
            "isLocked": "false",
            "name": "Child"
          }
        },
        {
          "rel": "System.LinkTypes.Hierarchy-Forward",
          "url": "https://dev.azure.com/stalejohnsendev/_apis/wit/workItems/2551",
          "attributes": {
            "isLocked": "false",
            "name": "Child"
          }
        },
        {
          "rel": "System.LinkTypes.Hierarchy-Forward",
          "url": "https://dev.azure.com/stalejohnsendev/_apis/wit/workItems/2548",
          "attributes": {
            "isLocked": "false",
            "name": "Child"
          }
        },
        {
          "rel": "System.LinkTypes.Hierarchy-Forward",
          "url": "https://dev.azure.com/stalejohnsendev/_apis/wit/workItems/2549",
          "attributes": {
            "isLocked": "false",
            "name": "Child"
          }
        },
        {
          "rel": "System.LinkTypes.Hierarchy-Forward",
          "url": "https://dev.azure.com/stalejohnsendev/_apis/wit/workItems/2547",
          "attributes": {
            "isLocked": "false",
            "name": "Child"
          }
        },
        {
          "rel": "System.LinkTypes.Hierarchy-Forward",
          "url": "https://dev.azure.com/stalejohnsendev/_apis/wit/workItems/2550",
          "attributes": {
            "isLocked": "false",
            "name": "Child"
          }
        }
      ],
      "url": "https://dev.azure.com/stalejohnsendev/_apis/wit/workItems/2545"
    },
    {
      "id": 2554,
      "rev": 2,
      "fields": {
        "System.AreaPath": "MCSB",
        "System.TeamProject": "MCSB",
        "System.IterationPath": "MCSB",
        "System.WorkItemType": "Feature",
        "System.State": "New",
        "System.Reason": "New",
        "System.CreatedDate": "2023-08-11T10:43:14.17Z",
        "System.CreatedBy": "Ståle Johnsen <stale.johnsen@microsoft.com>",
        "System.ChangedDate": "2023-08-11T10:43:14.17Z",
        "System.ChangedBy": "Ståle Johnsen <stale.johnsen@microsoft.com>",
        "System.Title": "DP. Data Protection",
        "Microsoft.VSTS.Scheduling.Effort": 0.0,
        "System.Description": null,
        "System.AssignedTo": null,
        "Microsoft.VSTS.Scheduling.RemainingWork": 0.0,
        "Microsoft.VSTS.Common.Priority": 2.0,
        "System.BoardLane": null,
        "System.Tags": null,
        "Microsoft.VSTS.TCM.Steps": null,
        "Microsoft.VSTS.TCM.Parameters": null,
        "Microsoft.VSTS.TCM.LocalDataSource": null,
        "Microsoft.VSTS.TCM.AutomationStatus": null,
        "System.History": null
      },
      "relations": [
        {
          "rel": "System.LinkTypes.Hierarchy-Forward",
          "url": "https://dev.azure.com/stalejohnsendev/_apis/wit/workItems/2555",
          "attributes": {
            "isLocked": "false",
            "name": "Child"
          }
        },
        {
          "rel": "System.LinkTypes.Hierarchy-Reverse",
          "url": "https://dev.azure.com/stalejohnsendev/_apis/wit/workItems/2523",
          "attributes": {
            "isLocked": "false",
            "name": "Parent"
          }
        },
        {
          "rel": "System.LinkTypes.Hierarchy-Forward",
          "url": "https://dev.azure.com/stalejohnsendev/_apis/wit/workItems/2562",
          "attributes": {
            "isLocked": "false",
            "name": "Child"
          }
        },
        {
          "rel": "System.LinkTypes.Hierarchy-Forward",
          "url": "https://dev.azure.com/stalejohnsendev/_apis/wit/workItems/2561",
          "attributes": {
            "isLocked": "false",
            "name": "Child"
          }
        },
        {
          "rel": "System.LinkTypes.Hierarchy-Forward",
          "url": "https://dev.azure.com/stalejohnsendev/_apis/wit/workItems/2560",
          "attributes": {
            "isLocked": "false",
            "name": "Child"
          }
        },
        {
          "rel": "System.LinkTypes.Hierarchy-Forward",
          "url": "https://dev.azure.com/stalejohnsendev/_apis/wit/workItems/2556",
          "attributes": {
            "isLocked": "false",
            "name": "Child"
          }
        },
        {
          "rel": "System.LinkTypes.Hierarchy-Forward",
          "url": "https://dev.azure.com/stalejohnsendev/_apis/wit/workItems/2557",
          "attributes": {
            "isLocked": "false",
            "name": "Child"
          }
        },
        {
          "rel": "System.LinkTypes.Hierarchy-Forward",
          "url": "https://dev.azure.com/stalejohnsendev/_apis/wit/workItems/2559",
          "attributes": {
            "isLocked": "false",
            "name": "Child"
          }
        },
        {
          "rel": "System.LinkTypes.Hierarchy-Forward",
          "url": "https://dev.azure.com/stalejohnsendev/_apis/wit/workItems/2558",
          "attributes": {
            "isLocked": "false",
            "name": "Child"
          }
        }
      ],
      "url": "https://dev.azure.com/stalejohnsendev/_apis/wit/workItems/2554"
    },
    {
      "id": 2563,
      "rev": 2,
      "fields": {
        "System.AreaPath": "MCSB",
        "System.TeamProject": "MCSB",
        "System.IterationPath": "MCSB",
        "System.WorkItemType": "Feature",
        "System.State": "New",
        "System.Reason": "New",
        "System.CreatedDate": "2023-08-11T10:43:14.17Z",
        "System.CreatedBy": "Ståle Johnsen <stale.johnsen@microsoft.com>",
        "System.ChangedDate": "2023-08-11T10:43:14.17Z",
        "System.ChangedBy": "Ståle Johnsen <stale.johnsen@microsoft.com>",
        "System.Title": "AM. Asset Management",
        "Microsoft.VSTS.Scheduling.Effort": 0.0,
        "System.Description": null,
        "System.AssignedTo": null,
        "Microsoft.VSTS.Scheduling.RemainingWork": 0.0,
        "Microsoft.VSTS.Common.Priority": 2.0,
        "System.BoardLane": null,
        "System.Tags": null,
        "Microsoft.VSTS.TCM.Steps": null,
        "Microsoft.VSTS.TCM.Parameters": null,
        "Microsoft.VSTS.TCM.LocalDataSource": null,
        "Microsoft.VSTS.TCM.AutomationStatus": null,
        "System.History": null
      },
      "relations": [
        {
          "rel": "System.LinkTypes.Hierarchy-Reverse",
          "url": "https://dev.azure.com/stalejohnsendev/_apis/wit/workItems/2523",
          "attributes": {
            "isLocked": "false",
            "name": "Parent"
          }
        },
        {
          "rel": "System.LinkTypes.Hierarchy-Forward",
          "url": "https://dev.azure.com/stalejohnsendev/_apis/wit/workItems/2565",
          "attributes": {
            "isLocked": "false",
            "name": "Child"
          }
        },
        {
          "rel": "System.LinkTypes.Hierarchy-Forward",
          "url": "https://dev.azure.com/stalejohnsendev/_apis/wit/workItems/2568",
          "attributes": {
            "isLocked": "false",
            "name": "Child"
          }
        },
        {
          "rel": "System.LinkTypes.Hierarchy-Forward",
          "url": "https://dev.azure.com/stalejohnsendev/_apis/wit/workItems/2564",
          "attributes": {
            "isLocked": "false",
            "name": "Child"
          }
        },
        {
          "rel": "System.LinkTypes.Hierarchy-Forward",
          "url": "https://dev.azure.com/stalejohnsendev/_apis/wit/workItems/2566",
          "attributes": {
            "isLocked": "false",
            "name": "Child"
          }
        },
        {
          "rel": "System.LinkTypes.Hierarchy-Forward",
          "url": "https://dev.azure.com/stalejohnsendev/_apis/wit/workItems/2567",
          "attributes": {
            "isLocked": "false",
            "name": "Child"
          }
        }
      ],
      "url": "https://dev.azure.com/stalejohnsendev/_apis/wit/workItems/2563"
    },
    {
      "id": 2569,
      "rev": 2,
      "fields": {
        "System.AreaPath": "MCSB",
        "System.TeamProject": "MCSB",
        "System.IterationPath": "MCSB",
        "System.WorkItemType": "Feature",
        "System.State": "New",
        "System.Reason": "New",
        "System.CreatedDate": "2023-08-11T10:43:14.17Z",
        "System.CreatedBy": "Ståle Johnsen <stale.johnsen@microsoft.com>",
        "System.ChangedDate": "2023-08-11T10:43:14.17Z",
        "System.ChangedBy": "Ståle Johnsen <stale.johnsen@microsoft.com>",
        "System.Title": "LT. Logging and threat detection",
        "Microsoft.VSTS.Scheduling.Effort": 0.0,
        "System.Description": null,
        "System.AssignedTo": null,
        "Microsoft.VSTS.Scheduling.RemainingWork": 0.0,
        "Microsoft.VSTS.Common.Priority": 2.0,
        "System.BoardLane": null,
        "System.Tags": null,
        "Microsoft.VSTS.TCM.Steps": null,
        "Microsoft.VSTS.TCM.Parameters": null,
        "Microsoft.VSTS.TCM.LocalDataSource": null,
        "Microsoft.VSTS.TCM.AutomationStatus": null,
        "System.History": null
      },
      "relations": [
        {
          "rel": "System.LinkTypes.Hierarchy-Reverse",
          "url": "https://dev.azure.com/stalejohnsendev/_apis/wit/workItems/2523",
          "attributes": {
            "isLocked": "false",
            "name": "Parent"
          }
        },
        {
          "rel": "System.LinkTypes.Hierarchy-Forward",
          "url": "https://dev.azure.com/stalejohnsendev/_apis/wit/workItems/2576",
          "attributes": {
            "isLocked": "false",
            "name": "Child"
          }
        },
        {
          "rel": "System.LinkTypes.Hierarchy-Forward",
          "url": "https://dev.azure.com/stalejohnsendev/_apis/wit/workItems/2574",
          "attributes": {
            "isLocked": "false",
            "name": "Child"
          }
        },
        {
          "rel": "System.LinkTypes.Hierarchy-Forward",
          "url": "https://dev.azure.com/stalejohnsendev/_apis/wit/workItems/2575",
          "attributes": {
            "isLocked": "false",
            "name": "Child"
          }
        },
        {
          "rel": "System.LinkTypes.Hierarchy-Forward",
          "url": "https://dev.azure.com/stalejohnsendev/_apis/wit/workItems/2572",
          "attributes": {
            "isLocked": "false",
            "name": "Child"
          }
        },
        {
          "rel": "System.LinkTypes.Hierarchy-Forward",
          "url": "https://dev.azure.com/stalejohnsendev/_apis/wit/workItems/2573",
          "attributes": {
            "isLocked": "false",
            "name": "Child"
          }
        },
        {
          "rel": "System.LinkTypes.Hierarchy-Forward",
          "url": "https://dev.azure.com/stalejohnsendev/_apis/wit/workItems/2571",
          "attributes": {
            "isLocked": "false",
            "name": "Child"
          }
        },
        {
          "rel": "System.LinkTypes.Hierarchy-Forward",
          "url": "https://dev.azure.com/stalejohnsendev/_apis/wit/workItems/2570",
          "attributes": {
            "isLocked": "false",
            "name": "Child"
          }
        }
      ],
      "url": "https://dev.azure.com/stalejohnsendev/_apis/wit/workItems/2569"
    },
    {
      "id": 2577,
      "rev": 2,
      "fields": {
        "System.AreaPath": "MCSB",
        "System.TeamProject": "MCSB",
        "System.IterationPath": "MCSB",
        "System.WorkItemType": "Feature",
        "System.State": "New",
        "System.Reason": "New",
        "System.CreatedDate": "2023-08-11T10:43:14.17Z",
        "System.CreatedBy": "Ståle Johnsen <stale.johnsen@microsoft.com>",
        "System.ChangedDate": "2023-08-11T10:43:14.17Z",
        "System.ChangedBy": "Ståle Johnsen <stale.johnsen@microsoft.com>",
        "System.Title": "IR. Incident Response",
        "Microsoft.VSTS.Scheduling.Effort": 0.0,
        "System.Description": null,
        "System.AssignedTo": null,
        "Microsoft.VSTS.Scheduling.RemainingWork": 0.0,
        "Microsoft.VSTS.Common.Priority": 2.0,
        "System.BoardLane": null,
        "System.Tags": null,
        "Microsoft.VSTS.TCM.Steps": null,
        "Microsoft.VSTS.TCM.Parameters": null,
        "Microsoft.VSTS.TCM.LocalDataSource": null,
        "Microsoft.VSTS.TCM.AutomationStatus": null,
        "System.History": null
      },
      "relations": [
        {
          "rel": "System.LinkTypes.Hierarchy-Forward",
          "url": "https://dev.azure.com/stalejohnsendev/_apis/wit/workItems/2579",
          "attributes": {
            "isLocked": "false",
            "name": "Child"
          }
        },
        {
          "rel": "System.LinkTypes.Hierarchy-Forward",
          "url": "https://dev.azure.com/stalejohnsendev/_apis/wit/workItems/2580",
          "attributes": {
            "isLocked": "false",
            "name": "Child"
          }
        },
        {
          "rel": "System.LinkTypes.Hierarchy-Forward",
          "url": "https://dev.azure.com/stalejohnsendev/_apis/wit/workItems/2582",
          "attributes": {
            "isLocked": "false",
            "name": "Child"
          }
        },
        {
          "rel": "System.LinkTypes.Hierarchy-Forward",
          "url": "https://dev.azure.com/stalejohnsendev/_apis/wit/workItems/2584",
          "attributes": {
            "isLocked": "false",
            "name": "Child"
          }
        },
        {
          "rel": "System.LinkTypes.Hierarchy-Reverse",
          "url": "https://dev.azure.com/stalejohnsendev/_apis/wit/workItems/2523",
          "attributes": {
            "isLocked": "false",
            "name": "Parent"
          }
        },
        {
          "rel": "System.LinkTypes.Hierarchy-Forward",
          "url": "https://dev.azure.com/stalejohnsendev/_apis/wit/workItems/2583",
          "attributes": {
            "isLocked": "false",
            "name": "Child"
          }
        },
        {
          "rel": "System.LinkTypes.Hierarchy-Forward",
          "url": "https://dev.azure.com/stalejohnsendev/_apis/wit/workItems/2581",
          "attributes": {
            "isLocked": "false",
            "name": "Child"
          }
        },
        {
          "rel": "System.LinkTypes.Hierarchy-Forward",
          "url": "https://dev.azure.com/stalejohnsendev/_apis/wit/workItems/2578",
          "attributes": {
            "isLocked": "false",
            "name": "Child"
          }
        }
      ],
      "url": "https://dev.azure.com/stalejohnsendev/_apis/wit/workItems/2577"
    },
    {
      "id": 2585,
      "rev": 2,
      "fields": {
        "System.AreaPath": "MCSB",
        "System.TeamProject": "MCSB",
        "System.IterationPath": "MCSB",
        "System.WorkItemType": "Feature",
        "System.State": "New",
        "System.Reason": "New",
        "System.CreatedDate": "2023-08-11T10:43:14.17Z",
        "System.CreatedBy": "Ståle Johnsen <stale.johnsen@microsoft.com>",
        "System.ChangedDate": "2023-08-11T10:43:14.17Z",
        "System.ChangedBy": "Ståle Johnsen <stale.johnsen@microsoft.com>",
        "System.Title": "PV. Posture and vulnerability management",
        "Microsoft.VSTS.Scheduling.Effort": 0.0,
        "System.Description": null,
        "System.AssignedTo": null,
        "Microsoft.VSTS.Scheduling.RemainingWork": 0.0,
        "Microsoft.VSTS.Common.Priority": 2.0,
        "System.BoardLane": null,
        "System.Tags": null,
        "Microsoft.VSTS.TCM.Steps": null,
        "Microsoft.VSTS.TCM.Parameters": null,
        "Microsoft.VSTS.TCM.LocalDataSource": null,
        "Microsoft.VSTS.TCM.AutomationStatus": null,
        "System.History": null
      },
      "relations": [
        {
          "rel": "System.LinkTypes.Hierarchy-Reverse",
          "url": "https://dev.azure.com/stalejohnsendev/_apis/wit/workItems/2523",
          "attributes": {
            "isLocked": "false",
            "name": "Parent"
          }
        },
        {
          "rel": "System.LinkTypes.Hierarchy-Forward",
          "url": "https://dev.azure.com/stalejohnsendev/_apis/wit/workItems/2592",
          "attributes": {
            "isLocked": "false",
            "name": "Child"
          }
        },
        {
          "rel": "System.LinkTypes.Hierarchy-Forward",
          "url": "https://dev.azure.com/stalejohnsendev/_apis/wit/workItems/2590",
          "attributes": {
            "isLocked": "false",
            "name": "Child"
          }
        },
        {
          "rel": "System.LinkTypes.Hierarchy-Forward",
          "url": "https://dev.azure.com/stalejohnsendev/_apis/wit/workItems/2591",
          "attributes": {
            "isLocked": "false",
            "name": "Child"
          }
        },
        {
          "rel": "System.LinkTypes.Hierarchy-Forward",
          "url": "https://dev.azure.com/stalejohnsendev/_apis/wit/workItems/2589",
          "attributes": {
            "isLocked": "false",
            "name": "Child"
          }
        },
        {
          "rel": "System.LinkTypes.Hierarchy-Forward",
          "url": "https://dev.azure.com/stalejohnsendev/_apis/wit/workItems/2588",
          "attributes": {
            "isLocked": "false",
            "name": "Child"
          }
        },
        {
          "rel": "System.LinkTypes.Hierarchy-Forward",
          "url": "https://dev.azure.com/stalejohnsendev/_apis/wit/workItems/2586",
          "attributes": {
            "isLocked": "false",
            "name": "Child"
          }
        },
        {
          "rel": "System.LinkTypes.Hierarchy-Forward",
          "url": "https://dev.azure.com/stalejohnsendev/_apis/wit/workItems/2587",
          "attributes": {
            "isLocked": "false",
            "name": "Child"
          }
        }
      ],
      "url": "https://dev.azure.com/stalejohnsendev/_apis/wit/workItems/2585"
    },
    {
      "id": 2593,
      "rev": 2,
      "fields": {
        "System.AreaPath": "MCSB",
        "System.TeamProject": "MCSB",
        "System.IterationPath": "MCSB",
        "System.WorkItemType": "Feature",
        "System.State": "New",
        "System.Reason": "New",
        "System.CreatedDate": "2023-08-11T10:43:14.17Z",
        "System.CreatedBy": "Ståle Johnsen <stale.johnsen@microsoft.com>",
        "System.ChangedDate": "2023-08-11T10:43:14.17Z",
        "System.ChangedBy": "Ståle Johnsen <stale.johnsen@microsoft.com>",
        "System.Title": "ES. Endpoint security",
        "Microsoft.VSTS.Scheduling.Effort": 0.0,
        "System.Description": null,
        "System.AssignedTo": null,
        "Microsoft.VSTS.Scheduling.RemainingWork": 0.0,
        "Microsoft.VSTS.Common.Priority": 2.0,
        "System.BoardLane": null,
        "System.Tags": null,
        "Microsoft.VSTS.TCM.Steps": null,
        "Microsoft.VSTS.TCM.Parameters": null,
        "Microsoft.VSTS.TCM.LocalDataSource": null,
        "Microsoft.VSTS.TCM.AutomationStatus": null,
        "System.History": null
      },
      "relations": [
        {
          "rel": "System.LinkTypes.Hierarchy-Forward",
          "url": "https://dev.azure.com/stalejohnsendev/_apis/wit/workItems/2596",
          "attributes": {
            "isLocked": "false",
            "name": "Child"
          }
        },
        {
          "rel": "System.LinkTypes.Hierarchy-Forward",
          "url": "https://dev.azure.com/stalejohnsendev/_apis/wit/workItems/2594",
          "attributes": {
            "isLocked": "false",
            "name": "Child"
          }
        },
        {
          "rel": "System.LinkTypes.Hierarchy-Forward",
          "url": "https://dev.azure.com/stalejohnsendev/_apis/wit/workItems/2595",
          "attributes": {
            "isLocked": "false",
            "name": "Child"
          }
        },
        {
          "rel": "System.LinkTypes.Hierarchy-Reverse",
          "url": "https://dev.azure.com/stalejohnsendev/_apis/wit/workItems/2523",
          "attributes": {
            "isLocked": "false",
            "name": "Parent"
          }
        }
      ],
      "url": "https://dev.azure.com/stalejohnsendev/_apis/wit/workItems/2593"
    },
    {
      "id": 2597,
      "rev": 2,
      "fields": {
        "System.AreaPath": "MCSB",
        "System.TeamProject": "MCSB",
        "System.IterationPath": "MCSB",
        "System.WorkItemType": "Feature",
        "System.State": "New",
        "System.Reason": "New",
        "System.CreatedDate": "2023-08-11T10:43:14.17Z",
        "System.CreatedBy": "Ståle Johnsen <stale.johnsen@microsoft.com>",
        "System.ChangedDate": "2023-08-11T10:43:14.17Z",
        "System.ChangedBy": "Ståle Johnsen <stale.johnsen@microsoft.com>",
        "System.Title": "BR. Backup and recovery",
        "Microsoft.VSTS.Scheduling.Effort": 0.0,
        "System.Description": null,
        "System.AssignedTo": null,
        "Microsoft.VSTS.Scheduling.RemainingWork": 0.0,
        "Microsoft.VSTS.Common.Priority": 2.0,
        "System.BoardLane": null,
        "System.Tags": null,
        "Microsoft.VSTS.TCM.Steps": null,
        "Microsoft.VSTS.TCM.Parameters": null,
        "Microsoft.VSTS.TCM.LocalDataSource": null,
        "Microsoft.VSTS.TCM.AutomationStatus": null,
        "System.History": null
      },
      "relations": [
        {
          "rel": "System.LinkTypes.Hierarchy-Reverse",
          "url": "https://dev.azure.com/stalejohnsendev/_apis/wit/workItems/2523",
          "attributes": {
            "isLocked": "false",
            "name": "Parent"
          }
        },
        {
          "rel": "System.LinkTypes.Hierarchy-Forward",
          "url": "https://dev.azure.com/stalejohnsendev/_apis/wit/workItems/2601",
          "attributes": {
            "isLocked": "false",
            "name": "Child"
          }
        },
        {
          "rel": "System.LinkTypes.Hierarchy-Forward",
          "url": "https://dev.azure.com/stalejohnsendev/_apis/wit/workItems/2600",
          "attributes": {
            "isLocked": "false",
            "name": "Child"
          }
        },
        {
          "rel": "System.LinkTypes.Hierarchy-Forward",
          "url": "https://dev.azure.com/stalejohnsendev/_apis/wit/workItems/2598",
          "attributes": {
            "isLocked": "false",
            "name": "Child"
          }
        },
        {
          "rel": "System.LinkTypes.Hierarchy-Forward",
          "url": "https://dev.azure.com/stalejohnsendev/_apis/wit/workItems/2599",
          "attributes": {
            "isLocked": "false",
            "name": "Child"
          }
        }
      ],
      "url": "https://dev.azure.com/stalejohnsendev/_apis/wit/workItems/2597"
    },
    {
      "id": 2602,
      "rev": 2,
      "fields": {
        "System.AreaPath": "MCSB",
        "System.TeamProject": "MCSB",
        "System.IterationPath": "MCSB",
        "System.WorkItemType": "Feature",
        "System.State": "New",
        "System.Reason": "New",
        "System.CreatedDate": "2023-08-11T10:43:14.17Z",
        "System.CreatedBy": "Ståle Johnsen <stale.johnsen@microsoft.com>",
        "System.ChangedDate": "2023-08-11T10:43:14.17Z",
        "System.ChangedBy": "Ståle Johnsen <stale.johnsen@microsoft.com>",
        "System.Title": "DS. DevOps Security",
        "Microsoft.VSTS.Scheduling.Effort": 0.0,
        "System.Description": null,
        "System.AssignedTo": null,
        "Microsoft.VSTS.Scheduling.RemainingWork": 0.0,
        "Microsoft.VSTS.Common.Priority": 2.0,
        "System.BoardLane": null,
        "System.Tags": null,
        "Microsoft.VSTS.TCM.Steps": null,
        "Microsoft.VSTS.TCM.Parameters": null,
        "Microsoft.VSTS.TCM.LocalDataSource": null,
        "Microsoft.VSTS.TCM.AutomationStatus": null,
        "System.History": null
      },
      "relations": [
        {
          "rel": "System.LinkTypes.Hierarchy-Forward",
          "url": "https://dev.azure.com/stalejohnsendev/_apis/wit/workItems/2603",
          "attributes": {
            "isLocked": "false",
            "name": "Child"
          }
        },
        {
          "rel": "System.LinkTypes.Hierarchy-Reverse",
          "url": "https://dev.azure.com/stalejohnsendev/_apis/wit/workItems/2523",
          "attributes": {
            "isLocked": "false",
            "name": "Parent"
          }
        },
        {
          "rel": "System.LinkTypes.Hierarchy-Forward",
          "url": "https://dev.azure.com/stalejohnsendev/_apis/wit/workItems/2605",
          "attributes": {
            "isLocked": "false",
            "name": "Child"
          }
        },
        {
          "rel": "System.LinkTypes.Hierarchy-Forward",
          "url": "https://dev.azure.com/stalejohnsendev/_apis/wit/workItems/2604",
          "attributes": {
            "isLocked": "false",
            "name": "Child"
          }
        },
        {
          "rel": "System.LinkTypes.Hierarchy-Forward",
          "url": "https://dev.azure.com/stalejohnsendev/_apis/wit/workItems/2607",
          "attributes": {
            "isLocked": "false",
            "name": "Child"
          }
        },
        {
          "rel": "System.LinkTypes.Hierarchy-Forward",
          "url": "https://dev.azure.com/stalejohnsendev/_apis/wit/workItems/2606",
          "attributes": {
            "isLocked": "false",
            "name": "Child"
          }
        },
        {
          "rel": "System.LinkTypes.Hierarchy-Forward",
          "url": "https://dev.azure.com/stalejohnsendev/_apis/wit/workItems/2608",
          "attributes": {
            "isLocked": "false",
            "name": "Child"
          }
        },
        {
          "rel": "System.LinkTypes.Hierarchy-Forward",
          "url": "https://dev.azure.com/stalejohnsendev/_apis/wit/workItems/2609",
          "attributes": {
            "isLocked": "false",
            "name": "Child"
          }
        }
      ],
      "url": "https://dev.azure.com/stalejohnsendev/_apis/wit/workItems/2602"
    },
    {
      "id": 2610,
      "rev": 2,
      "fields": {
        "System.AreaPath": "MCSB",
        "System.TeamProject": "MCSB",
        "System.IterationPath": "MCSB",
        "System.WorkItemType": "Feature",
        "System.State": "New",
        "System.Reason": "New",
        "System.CreatedDate": "2023-08-11T10:43:14.17Z",
        "System.CreatedBy": "Ståle Johnsen <stale.johnsen@microsoft.com>",
        "System.ChangedDate": "2023-08-11T10:43:14.17Z",
        "System.ChangedBy": "Ståle Johnsen <stale.johnsen@microsoft.com>",
        "System.Title": "GS. Governance and strategy",
        "Microsoft.VSTS.Scheduling.Effort": 0.0,
        "System.Description": null,
        "System.AssignedTo": null,
        "Microsoft.VSTS.Scheduling.RemainingWork": 0.0,
        "Microsoft.VSTS.Common.Priority": 2.0,
        "System.BoardLane": null,
        "System.Tags": null,
        "Microsoft.VSTS.TCM.Steps": null,
        "Microsoft.VSTS.TCM.Parameters": null,
        "Microsoft.VSTS.TCM.LocalDataSource": null,
        "Microsoft.VSTS.TCM.AutomationStatus": null,
        "System.History": null
      },
      "relations": [
        {
          "rel": "System.LinkTypes.Hierarchy-Forward",
          "url": "https://dev.azure.com/stalejohnsendev/_apis/wit/workItems/2613",
          "attributes": {
            "isLocked": "false",
            "name": "Child"
          }
        },
        {
          "rel": "System.LinkTypes.Hierarchy-Forward",
          "url": "https://dev.azure.com/stalejohnsendev/_apis/wit/workItems/2621",
          "attributes": {
            "isLocked": "false",
            "name": "Child"
          }
        },
        {
          "rel": "System.LinkTypes.Hierarchy-Forward",
          "url": "https://dev.azure.com/stalejohnsendev/_apis/wit/workItems/2620",
          "attributes": {
            "isLocked": "false",
            "name": "Child"
          }
        },
        {
          "rel": "System.LinkTypes.Hierarchy-Forward",
          "url": "https://dev.azure.com/stalejohnsendev/_apis/wit/workItems/2615",
          "attributes": {
            "isLocked": "false",
            "name": "Child"
          }
        },
        {
          "rel": "System.LinkTypes.Hierarchy-Forward",
          "url": "https://dev.azure.com/stalejohnsendev/_apis/wit/workItems/2614",
          "attributes": {
            "isLocked": "false",
            "name": "Child"
          }
        },
        {
          "rel": "System.LinkTypes.Hierarchy-Forward",
          "url": "https://dev.azure.com/stalejohnsendev/_apis/wit/workItems/2611",
          "attributes": {
            "isLocked": "false",
            "name": "Child"
          }
        },
        {
          "rel": "System.LinkTypes.Hierarchy-Forward",
          "url": "https://dev.azure.com/stalejohnsendev/_apis/wit/workItems/2617",
          "attributes": {
            "isLocked": "false",
            "name": "Child"
          }
        },
        {
          "rel": "System.LinkTypes.Hierarchy-Forward",
          "url": "https://dev.azure.com/stalejohnsendev/_apis/wit/workItems/2616",
          "attributes": {
            "isLocked": "false",
            "name": "Child"
          }
        },
        {
          "rel": "System.LinkTypes.Hierarchy-Forward",
          "url": "https://dev.azure.com/stalejohnsendev/_apis/wit/workItems/2619",
          "attributes": {
            "isLocked": "false",
            "name": "Child"
          }
        },
        {
          "rel": "System.LinkTypes.Hierarchy-Forward",
          "url": "https://dev.azure.com/stalejohnsendev/_apis/wit/workItems/2618",
          "attributes": {
            "isLocked": "false",
            "name": "Child"
          }
        },
        {
          "rel": "System.LinkTypes.Hierarchy-Forward",
          "url": "https://dev.azure.com/stalejohnsendev/_apis/wit/workItems/2612",
          "attributes": {
            "isLocked": "false",
            "name": "Child"
          }
        },
        {
          "rel": "System.LinkTypes.Hierarchy-Reverse",
          "url": "https://dev.azure.com/stalejohnsendev/_apis/wit/workItems/2523",
          "attributes": {
            "isLocked": "false",
            "name": "Parent"
          }
        }
      ],
      "url": "https://dev.azure.com/stalejohnsendev/_apis/wit/workItems/2610"
    }
  ],
  "HttpStatusCode": 0,
  "Message": null
}